idx,sec,closed
0,0.4474194049835205,0
1,0.5084688663482666,-1
2,0.5535099506378174,-1
3,0.5735275745391846,-1
4,0.6115627288818359,-1
5,0.6566030979156494,-1
6,0.7026479244232178,-1
7,0.734677791595459,-1
8,0.755695104598999,-1
9,0.7927460670471191,-1
10,0.8367743492126465,-1
11,0.8828170299530029,-1
12,0.9258551597595215,-1
13,0.9738998413085938,-1
14,1.0199410915374756,-1
15,1.0629806518554688,-1
16,1.1090221405029297,-1
17,1.153062343597412,-1
18,1.196101427078247,-1
19,1.242142915725708,-1
20,1.287196159362793,-1
21,1.3332324028015137,-1
22,1.380275011062622,-1
23,1.4213123321533203,-1
24,1.468355417251587,-1
25,1.512394905090332,-1
26,1.5574359893798828,-1
27,1.6034784317016602,-1
28,1.6485192775726318,-1
29,1.6795470714569092,-1
30,1.7225861549377441,-1
31,1.769629716873169,-1
32,1.8136694431304932,-1
33,1.856708288192749,-1
34,1.8877363204956055,-1
35,1.9357805252075195,-1
36,1.9788219928741455,-1
37,2.0228607654571533,-1
38,2.069688320159912,-1
39,2.1127266883850098,-1
40,2.158769130706787,-1
41,2.2028088569641113,-1
42,2.2488510608673096,-1
43,2.2948925495147705,-1
44,2.3379321098327637,-1
45,2.3829727172851562,-1
46,2.429518699645996,-1
47,2.4745595455169678,-1
48,2.5211663246154785,-1
49,2.56620717048645,-1
50,2.610381603240967,-1
51,2.655290365219116,-1
52,2.700331687927246,-1
53,2.750845193862915,-1
54,2.79388427734375,-1
55,2.8355679512023926,-1
56,2.8655953407287598,-1
57,2.913862705230713,-1
58,2.9580166339874268,-1
59,2.978034257888794,-1
60,3.0160720348358154,-1
61,3.063335657119751,-1
62,3.107879877090454,-1
63,3.152576208114624,-1
64,3.198618173599243,-1
65,3.2426583766937256,-1
66,3.2876977920532227,-1
67,3.3317372798919678,-1
68,3.365900754928589,-1
69,3.409940719604492,-1
70,3.4539806842803955,-1
71,3.5005664825439453,-1
72,3.5466086864471436,-1
73,3.588646650314331,-1
74,3.6326868534088135,-1
75,3.6787288188934326,-1
76,3.7127597332000732,-1
77,3.731776714324951,-1
78,3.768810510635376,-1
79,3.8138515949249268,-1
80,3.8618950843811035,-1
81,3.9050943851470947,-1
82,3.950134754180908,-1
83,3.995176315307617,-1
84,4.042218446731567,-1
85,4.087261915206909,-1
86,4.129806041717529,-1
87,4.1728456020355225,-1
88,4.220889329910278,-1
89,4.264929294586182,-1
90,4.308969497680664,-1
91,4.355010509490967,-1
92,4.399176359176636,-1
93,4.444091558456421,-1
94,4.489132881164551,-1
95,4.535174608230591,-1
96,4.58228611946106,-1
97,4.626330614089966,-1
98,4.670799016952515,-1
99,4.718842267990112,-1
100,4.765885353088379,-1
101,4.806922435760498,-1
102,4.850964784622192,-1
103,4.89649510383606,-1
104,4.94153618812561,-1
105,4.987577199935913,-1
106,5.020607233047485,-1
107,5.061645030975342,-1
108,5.1066858768463135,-1
109,5.152727365493774,-1
110,5.1747472286224365,-1
111,5.212782144546509,-1
112,5.2598254680633545,-1
113,5.3028645515441895,-1
114,5.346904516220093,-1
115,5.391945123672485,-1
116,5.437986850738525,-1
117,5.4810261726379395,-1
118,5.511053562164307,-1
119,5.561099052429199,-1
120,5.600133895874023,-1
121,5.646176338195801,-1
122,5.691216945648193,-1
123,5.737259864807129,-1
124,5.761281251907349,-1
125,5.798314809799194,-1
126,5.842354774475098,-1
127,5.873382568359375,-1
128,5.917424917221069,-1
129,5.9394447803497314,-1
130,5.978480100631714,-1
131,6.022520065307617,-1
132,6.070564031600952,-1
133,6.112137079238892,-1
134,6.164421796798706,-1
135,6.205458879470825,-1
136,6.249498605728149,-1
137,6.296541929244995,-1
138,6.338579416275024,-1
139,6.382619380950928,-1
140,6.4296629428863525,-1
141,6.460690975189209,-1
142,6.480709075927734,-1
143,6.518743991851807,1
144,6.563784599304199,1
145,6.606823921203613,1
146,6.6428563594818115,1
147,6.6638758182525635,1
148,6.702911853790283,-1
149,6.744949102401733,-1
150,6.7879884243011475,-1
151,6.834030866622925,-1
152,6.882073879241943,-1
153,6.92411208152771,-1
154,6.970153570175171,-1
155,7.013697147369385,-1
156,7.0587379932403564,-1
157,7.103402853012085,-1
158,7.1404290199279785,-1
159,7.1814658641815186,-1
160,7.201484441757202,-1
161,7.241520881652832,0
162,7.290565490722656,0
163,7.332603693008423,0
164,7.376643657684326,0
165,7.421684741973877,0
166,7.4687275886535645,0
167,7.51076602935791,0
168,7.55780816078186,0
169,7.600848197937012,1
170,7.644887447357178,1
171,7.690449237823486,1
172,7.739295244216919,1
173,7.783334970474243,0
174,7.827376842498779,0
175,7.8724188804626465,0
176,7.916458368301392,0
177,7.961498737335205,1
178,8.007350444793701,1
179,8.053392887115479,1
180,8.097432851791382,1
181,8.140471458435059,-1
182,8.186514139175415,-1
183,8.233556985855103,-1
184,8.279598712921143,-1
185,8.320635557174683,-1
186,8.369683265686035,-1
187,8.411722183227539,-1
188,8.45876431465149,-1
189,8.508888483047485,-1
190,8.548925638198853,-1
191,8.595968008041382,-1
192,8.626996755599976,-1
193,8.651018142700195,-1
194,8.700062274932861,-1
195,8.74610424041748,-1
196,8.789143562316895,-1
197,8.821022987365723,-1
198,8.865062952041626,-1
199,8.909103155136108,-1
200,8.954226732254028,-1
201,9.000256061553955,-1
202,9.044296503067017,-1
203,9.088337182998657,-1
204,9.13337779045105,-1
205,9.17941951751709,-1
206,9.223459243774414,-1
207,9.268500804901123,-1
208,9.312540769577026,-1
209,9.357581615447998,-1
210,9.377599716186523,-1
211,9.418636322021484,-1
212,9.46567964553833,-1
213,9.508718967437744,-1
214,9.55275821685791,-1
215,9.600353717803955,1
216,9.64339280128479,1
217,9.687432527542114,1
218,9.736477136611938,1
219,9.778516292572021,-1
220,9.822556495666504,-1
221,9.867596626281738,-1
222,9.912430763244629,-1
223,9.959473848342896,-1
224,10.00251317024231,-1
225,10.04755449295044,-1
226,10.093596458435059,-1
227,10.141639947891235,-1
228,10.182677030563354,-1
229,10.229722023010254,-1
230,10.27276086807251,-1
231,10.318803071975708,-1
232,10.362973690032959,-1
233,10.409015893936157,-1
234,10.45505690574646,-1
235,10.498096704483032,-1
236,10.544138431549072,-1
237,10.589179039001465,-1
238,10.634220361709595,-1
239,10.678260564804077,-1
240,10.724302291870117,-1
241,10.771345138549805,-1
242,10.81438422203064,-1
243,10.859424829483032,-1
244,10.904465675354004,-1
245,10.949506998062134,-1
246,10.9965500831604,-1
247,11.039588689804077,-1
248,11.086631298065186,-1
249,11.134874820709229,-1
250,11.177914142608643,-1
251,11.221954584121704,-1
252,11.267996072769165,-1
253,11.31103515625,-1
254,11.356075525283813,-1
255,11.40417218208313,-1
256,11.44620943069458,-1
257,11.490249156951904,-1
258,11.537107944488525,-1
259,11.582148313522339,-1
260,11.626188516616821,-1
261,11.675232887268066,-1
262,11.71500563621521,-1
263,11.764049530029297,1
264,11.806087970733643,1
265,11.851129055023193,1
266,11.898171424865723,1
267,11.942212104797363,0
268,11.988254070281982,0
269,12.032294273376465,0
270,12.078336000442505,0
271,12.12137484550476,-1
272,12.16841721534729,-1
273,12.211456298828125,-1
274,12.25749945640564,-1
275,12.30654263496399,-1
276,12.347580432891846,-1
277,12.393621683120728,-1
278,12.441665887832642,-1
279,12.482702493667603,-1
280,12.529746294021606,-1
281,12.576788902282715,-1
282,12.617825984954834,-1
283,12.663868188858032,-1
284,12.707907915115356,-1
285,12.751948356628418,-1
286,12.797990083694458,-1
287,12.82101035118103,-1
288,12.86104679107666,-1
289,12.9050874710083,-1
290,12.946124792098999,-1
291,12.992166996002197,-1
292,13.0382080078125,-1
293,13.081247806549072,-1
294,13.12829065322876,-1
295,13.17533278465271,-1
296,13.216370582580566,-1
297,13.247398376464844,-1
298,13.294440984725952,-1
299,13.34048342704773,-1
300,13.365503072738647,-1
301,13.413547277450562,-1
302,13.45959186553955,-1
303,13.508094549179077,-1
304,13.550132751464844,-1
305,13.596174955368042,-1
306,13.641215801239014,-1
307,13.682253122329712,-1
308,13.715282917022705,-1
309,13.75732159614563,-1
310,13.80736780166626,-1
311,13.849405527114868,-1
312,13.895446538925171,-1
313,13.943490505218506,-1
314,13.985534429550171,-1
315,14.03057599067688,-1
316,14.07761812210083,-1
317,14.117655038833618,-1
318,14.165698528289795,-1
319,14.20873737335205,-1
320,14.24376916885376,-1
321,14.267791271209717,-1
322,14.31283164024353,-1
323,14.360876083374023,-1
324,14.402913808822632,-1
325,14.435723304748535,-1
326,14.481968879699707,1
327,14.524006843566895,1
328,14.573051452636719,1
329,14.614088773727417,1
330,14.663763999938965,-1
331,14.708307266235352,-1
332,14.750345945358276,-1
333,14.80039119720459,-1
334,14.842432022094727,-1
335,14.883468866348267,-1
336,14.930511951446533,-1
337,14.980556964874268,-1
338,15.00658106803894,-1
339,15.05162262916565,-1
340,15.096662282943726,-1
341,15.144862174987793,-1
342,15.177892446517944,-1
343,15.215927124023438,-1
344,15.262969255447388,-1
345,15.312014818191528,-1
346,15.353050947189331,-1
347,15.398094415664673,-1
348,15.444136619567871,-1
349,15.486174583435059,-1
350,15.532216548919678,-1
351,15.576829671859741,-1
352,15.619868755340576,-1
353,15.665910959243774,-1
354,15.710347890853882,-1
355,15.756389141082764,-1
356,15.801430702209473,-1
357,15.848473310470581,-1
358,15.892513513565063,-1
359,15.935552835464478,-1
360,15.982595443725586,-1
361,16.0326406955719,-1
362,16.077638149261475,-1
363,16.118315935134888,-1
364,16.164357900619507,-1
365,16.2073974609375,-1
366,16.25043559074402,-1
367,16.297479152679443,-1
368,16.340517282485962,-1
369,16.386560201644897,-1
370,16.432601928710938,-1
371,16.47864317893982,-1
372,16.520682096481323,-1
373,16.566723585128784,-1
374,16.61076331138611,-1
375,16.65580415725708,-1
376,16.70084571838379,-1
377,16.748391151428223,-1
378,16.792430639266968,-1
379,16.83747410774231,-1
380,16.883514881134033,-1
381,16.927558422088623,-1
382,16.961589097976685,-1
383,16.990615367889404,-1
384,17.032655715942383,-1
385,17.064685583114624,-1
386,17.10972547531128,-1
387,17.154722213745117,-1
388,17.177743196487427,-1
389,17.212775468826294,-1
390,17.25925326347351,-1
391,17.30529475212097,-1
392,17.3496036529541,-1
393,17.39664626121521,-1
394,17.44168782234192,-1
395,17.482725143432617,-1
396,17.530770301818848,-1
397,17.562797784805298,-1
398,17.605837106704712,-1
399,17.650877237319946,-1
400,17.694917917251587,-1
401,17.727948665618896,-1
402,17.754972219467163,-1
403,17.800013542175293,-1
404,17.844053745269775,-1
405,17.88809370994568,-1
406,17.938138961791992,-1
407,17.9801766872406,-1
408,18.023216724395752,-1
409,18.070258617401123,-1
410,18.11530041694641,-1
411,18.160341024398804,-1
412,18.207383394241333,-1
413,18.252424955368042,-1
414,18.300991535186768,-1
415,18.34383535385132,-1
416,18.385873794555664,-1
417,18.433919191360474,-1
418,18.47795867919922,-1
419,18.511990070343018,-1
420,18.550142765045166,-1
421,18.59918713569641,-1
422,18.643691301345825,-1
423,18.686731338500977,-1
424,18.732773065567017,-1
425,18.77781367301941,-1
426,18.820853233337402,-1
427,18.870455265045166,-1
428,18.91549563407898,-1
429,18.956535816192627,-1
430,19.003582239151,-1
431,19.04862356185913,-1
432,19.09366488456726,-1
433,19.138705253601074,-1
434,19.18274474143982,-1
435,19.22678565979004,-1
436,19.27182626724243,-1
437,19.316867113113403,-1
438,19.365911722183228,-1
439,19.406949043273926,-1
440,19.45099115371704,-1
441,19.496031761169434,-1
442,19.541072368621826,-1
443,19.587114572525024,-1
444,19.63415813446045,-1
445,19.68019962310791,-1
446,19.722237825393677,-1
447,19.766279935836792,-1
448,19.813323259353638,-1
449,19.856362342834473,-1
450,19.902409076690674,-1
451,19.93543839454651,-1
452,19.957458972930908,-1
453,19.99649453163147,-1
454,20.0385320186615,-1
455,20.085574865341187,-1
456,20.12761425971985,-1
457,20.176658153533936,0
458,20.21969747543335,0
459,20.267740964889526,0
460,20.31178092956543,0
461,20.354819774627686,-1
462,20.400862216949463,-1
463,20.444902420043945,-1
464,20.487940788269043,-1
465,20.53498387336731,-1
466,20.578023433685303,-1
467,20.62206268310547,-1
468,20.668104648590088,-1
469,20.71214485168457,-1
470,20.75818705558777,-1
471,20.803293466567993,-1
472,20.847333431243896,-1
473,20.894376277923584,-1
474,20.94141936302185,-1
475,20.983458042144775,-1
476,21.030500650405884,-1
477,21.06352996826172,-1
478,21.088552951812744,-1
479,21.13559579849243,-1
480,21.181636810302734,-1
481,21.22524642944336,-1
482,21.274290084838867,-1
483,21.315328121185303,-1
484,21.359368085861206,-1
485,21.405409574508667,-1
486,21.450450897216797,-1
487,21.481502771377563,-1
488,21.52554225921631,-1
489,21.553568124771118,-1
490,21.601611375808716,-1
491,21.63364052772522,-1
492,21.675678491592407,-1
493,21.71971893310547,-1
494,21.766761541366577,-1
495,21.81180214881897,-1
496,21.854841947555542,-1
497,21.900883436203003,-1
498,21.94792628288269,-1
499,21.988963842391968,-1
500,22.035508155822754,-1
501,22.079548120498657,-1
502,22.12458872795105,-1
503,22.171631813049316,-1
504,22.2156720161438,-1
505,22.259711503982544,-1
506,22.305753707885742,-1
507,22.35279679298401,-1
508,22.376818418502808,-1
509,22.412851572036743,-1
510,22.457892179489136,-1
511,22.50193214416504,-1
512,22.534961938858032,-1
513,22.554980516433716,-1
514,22.590474367141724,-1
515,22.638076782226562,-1
516,22.68111538887024,-1
517,22.727157592773438,-1
518,22.77019691467285,-1
519,22.8172390460968,-1
520,22.862279891967773,-1
521,22.905319690704346,-1
522,22.95036005973816,-1
523,22.995401620864868,-1
524,23.039440870285034,-1
525,23.087485313415527,-1
526,23.130524396896362,-1
527,23.175565481185913,-1
528,23.221607446670532,-1
529,23.265650749206543,-1
530,23.310691595077515,-1
531,23.355732440948486,-1
532,23.40077304840088,-1
533,23.448817253112793,-1
534,23.49085569381714,-1
535,23.53789782524109,-1
536,23.58193874359131,-1
537,23.625977754592896,-1
538,23.672020196914673,-1
539,23.71756672859192,-1
540,23.7636079788208,-1
541,23.797638654708862,-1
542,23.8166561126709,-1
543,23.854113340377808,-1
544,23.901156425476074,-1
545,23.94370436668396,-1
546,23.987747192382812,-1
547,24.03378915786743,-1
548,24.077829122543335,-1
549,24.123871326446533,-1
550,24.168911695480347,-1
551,24.21295142173767,-1
552,24.259994745254517,-1
553,24.303033351898193,-1
554,24.348074674606323,-1
555,24.394116640090942,-1
556,24.439157009124756,-1
557,24.484198570251465,-1
558,24.530240297317505,-1
559,24.575281143188477,-1
560,24.61932134628296,-1
561,24.66436266899109,-1
562,24.70940351486206,-1
563,24.754444122314453,-1
564,24.786473274230957,-1
565,24.83151388168335,-1
566,24.873551845550537,-1
567,24.92159628868103,-1
568,24.942615509033203,-1
569,24.982651710510254,-1
570,25.023689031600952,-1
571,25.069730520248413,-1
572,25.114772081375122,-1
573,25.159812688827515,-1
574,25.205854415893555,-1
575,25.25290012359619,-1
576,25.297940731048584,-1
577,25.34044861793518,-1
578,25.384488105773926,-1
579,25.429528951644897,-1
580,25.475571155548096,-1
581,25.520612478256226,1
582,25.56965661048889,1
583,25.60969352722168,1
584,25.66074013710022,1
585,25.70177698135376,-1
586,25.745816469192505,-1
587,25.790857791900635,-1
588,25.834898233413696,-1
589,25.880939722061157,-1
590,25.925981283187866,-1
591,25.97102189064026,-1
592,26.015061616897583,-1
593,26.067108869552612,-1
594,26.110147953033447,-1
595,26.155189275741577,-1
596,26.198228120803833,-1
597,26.24427032470703,-1
598,26.287309169769287,-1
599,26.333351135253906,-1
600,26.37639021873474,-1
601,26.423433542251587,-1
602,26.471813201904297,-1
603,26.515852451324463,-1
604,26.56189465522766,-1
605,26.603933095932007,-1
606,26.647972583770752,-1
607,26.69316053390503,-1
608,26.741204261779785,-1
609,26.787245988845825,-1
610,26.828283548355103,-1
611,26.872323274612427,-1
612,26.92336940765381,-1
613,26.968410968780518,-1
614,27.00844717025757,-1
615,27.05448889732361,-1
616,27.09952974319458,-1
617,27.14457082748413,-1
618,27.189611673355103,-1
619,27.23565363883972,-1
620,27.267682313919067,-1
621,27.309720993041992,-1
622,27.33474373817444,-1
623,27.370776414871216,-1
624,27.412814140319824,-1
625,27.45885705947876,-1
626,27.506900310516357,-1
627,27.550939798355103,-1
628,27.594980478286743,-1
629,27.639020442962646,-1
630,27.684061765670776,-1
631,27.72910213470459,1
632,27.773142337799072,1
633,27.819183826446533,1
634,27.86522603034973,1
635,27.907264232635498,-1
636,27.957309246063232,-1
637,27.99834704399109,-1
638,28.045957803726196,-1
639,28.09008240699768,-1
640,28.13412308692932,-1
641,28.179163217544556,-1
642,28.223203420639038,-1
643,28.270246505737305,-1
644,28.31328582763672,-1
645,28.359328031539917,-1
646,28.40336775779724,-1
647,28.45040988922119,-1
648,28.497454166412354,-1
649,28.540492296218872,-1
650,28.584532737731934,-1
651,28.617562294006348,-1
652,28.660601377487183,-1
653,28.70764422416687,-1
654,28.751684188842773,-1
655,28.773704528808594,-1
656,28.81173849105835,-1
657,28.855778217315674,-1
658,28.904913425445557,-1
659,28.935821294784546,-1
660,28.957841396331787,-1
661,29.005885124206543,1
662,29.050925731658936,1
663,29.095967054367065,1
664,29.140007257461548,1
665,29.17203640937805,1
666,29.21407437324524,0
667,29.2601158618927,0
668,29.30515766143799,0
669,29.35019826889038,0
670,29.397242546081543,-1
671,29.440320014953613,-1
672,29.48435950279236,-1
673,29.51638889312744,-1
674,29.536407232284546,-1
675,29.576443672180176,-1
676,29.62048316001892,-1
677,29.667526245117188,-1
678,29.71056580543518,-1
679,29.755606174468994,-1
680,29.801647901535034,-1
681,29.844687461853027,-1
682,29.89373207092285,-1
683,29.936771154403687,-1
684,29.98081111907959,-1
685,30.024851322174072,-1
686,30.07089328765869,-1
687,30.09491515159607,-1
688,30.132949590682983,1
689,30.17598867416382,1
690,30.222030639648438,1
691,30.268072366714478,1
692,30.310110807418823,-1
693,30.355151653289795,-1
694,30.40019202232361,-1
695,30.446234703063965,-1
696,30.49027371406555,-1
697,30.53531527519226,-1
698,30.58135676383972,-1
699,30.62639856338501,-1
700,30.67344069480896,-1
701,30.702470302581787,-1
702,30.74551010131836,-1
703,30.79303765296936,-1
704,30.813055515289307,-1
705,30.8510901927948,-1
706,30.89713215827942,-1
707,30.94267702102661,-1
708,30.97770881652832,-1
709,31.006739139556885,-1
710,31.046778917312622,-1
711,31.092820405960083,-1
712,31.143539667129517,-1
713,31.173569440841675,-1
714,31.213605642318726,-1
715,31.25664496421814,-1
716,31.304689168930054,-1
717,31.3487286567688,-1
718,31.39276885986328,-1
719,31.437809228897095,-1
720,31.482850790023804,-1
721,31.511877059936523,-1
722,31.533897161483765,-1
723,31.572932720184326,-1
724,31.61697220802307,-1
725,31.667293787002563,-1
726,31.70933222770691,-1
727,31.753372192382812,-1
728,31.797412395477295,-1
729,31.845457792282104,-1
730,31.89220905303955,-1
731,31.937249898910522,-1
732,31.977286100387573,-1
733,32.02332830429077,-1
734,32.0683696269989,-1
735,32.113412380218506,-1
736,32.15945649147034,-1
737,32.19048500061035,-1
738,32.23653221130371,-1
739,32.257551193237305,-1
740,32.29458475112915,-1
741,32.341726303100586,-1
742,32.387768268585205,-1
743,32.43180847167969,-1
744,32.47484731674194,-1
745,32.518890142440796,-1
746,32.56393265724182,-1
747,32.608973026275635,-1
748,32.653013467788696,-1
749,32.70207214355469,-1
750,32.74711513519287,-1
751,32.78915333747864,-1
752,32.83419442176819,-1
753,32.88004398345947,-1
754,32.923084020614624,-1
755,32.97313141822815,-1
756,33.01316785812378,-1
757,33.061540842056274,-1
758,33.089566707611084,-1
759,33.13861131668091,-1
760,33.16063165664673,-1
761,33.196664333343506,-1
762,33.24170470237732,-1
763,33.2857449054718,-1
764,33.334789991378784,-1
765,33.375826597213745,-1
766,33.42186880111694,-1
767,33.466909646987915,-1
768,33.48792910575867,-1
769,33.51395630836487,-1
770,33.554994106292725,-1
771,33.6030375957489,-1
772,33.64607644081116,-1
773,33.692118644714355,-1
774,33.73515748977661,-1
775,33.78119945526123,-1
776,33.82523989677429,-1
777,33.873379945755005,-1
778,33.91441750526428,-1
779,33.96145987510681,-1
780,34.005499601364136,-1
781,34.050541162490845,-1
782,34.08357119560242,-1
783,34.12661027908325,-1
784,34.17465353012085,-1
785,34.214690923690796,-1
786,34.262736797332764,-1
787,34.307777881622314,-1
788,34.34981608390808,-1
789,34.39785957336426,-1
790,34.44089913368225,-1
791,34.48694086074829,-1
792,34.53298234939575,-1
793,34.577022314071655,-1
794,34.62106275558472,-1
795,34.652090549468994,-1
796,34.67110800743103,-1
797,34.713146448135376,0
798,34.7571861743927,0
799,34.80422878265381,0
800,34.84826898574829,0
801,34.89033079147339,0
802,34.938374519348145,0
803,34.96740126609802,0
804,35.01144099235535,0
805,35.03446173667908,0
806,35.07249641418457,-1
807,35.11553597450256,-1
808,35.16558074951172,-1
809,35.21062207221985,-1
810,35.25165891647339,0
811,35.2967004776001,0
812,35.34274220466614,0
813,35.373770236968994,0
814,35.40780329704285,0
815,35.447839975357056,0
816,35.49288082122803,0
817,35.540924310684204,0
818,35.58196210861206,0
819,35.631006479263306,0
820,35.68405485153198,0
821,35.72059416770935,0
822,35.76663589477539,0
823,35.809675455093384,0
824,35.85371541976929,0
825,35.89975953102112,0
826,35.94380044937134,0
827,35.98984169960022,0
828,36.0338819026947,0
829,36.078922510147095,0
830,36.127424240112305,0
831,36.173465967178345,0
832,36.21650505065918,0
833,36.26254749298096,0
834,36.30558633804321,0
835,36.349626302719116,0
836,36.395668029785156,0
837,36.4397234916687,0
838,36.486767292022705,0
839,36.53180909156799,0
840,36.57584834098816,0
841,36.60987949371338,0
842,36.64991617202759,0
843,36.69996356964111,0
844,36.72598719596863,0
845,36.77202916145325,0
846,36.81807088851929,0
847,36.86211156845093,0
848,36.899144411087036,0
849,36.9381799697876,0
850,36.98021841049194,0
851,37.026259899139404,0
852,37.07530498504639,0
853,37.105331897735596,0
854,37.14837121963501,0
855,37.191410303115845,0
856,37.238452672958374,0
857,37.27248406410217,0
858,37.31452226638794,0
859,37.358922481536865,0
860,37.40696597099304,0
861,37.44700241088867,0
862,37.491042613983154,-1
863,37.53808569908142,-1
864,37.582125425338745,-1
865,37.629185914993286,-1
866,37.67422699928284,-1
867,37.71526384353638,-1
868,37.76330828666687,-1
869,37.808348655700684,-1
870,37.85038661956787,-1
871,37.899431228637695,-1
872,37.9434711933136,-1
873,37.985509634017944,-1
874,38.03255224227905,-1
875,38.07959485054016,-1
876,38.12163329124451,-1
877,38.16967725753784,-1
878,38.213716983795166,-1
879,38.256756067276,-1
880,38.30179738998413,-1
881,38.34984087944031,-1
882,38.39688324928284,-1
883,38.437920808792114,-1
884,38.48296141624451,-1
885,38.52700161933899,-1
886,38.57204270362854,-1
887,38.61808443069458,-1
888,38.666128158569336,-1
889,38.70916748046875,-1
890,38.75271224975586,-1
891,38.79975390434265,-1
892,38.844794273376465,-1
893,38.889835357666016,-1
894,38.932875633239746,-1
895,38.97792029380798,-1
896,39.02496337890625,-1
897,39.068519115448,-1
898,39.115561723709106,-1
899,39.1586012840271,-1
900,39.207645654678345,-1
901,39.25068473815918,-1
902,39.29772734642029,-1
903,39.338764905929565,-1
904,39.383805990219116,-1
905,39.43385124206543,-1
906,39.475889921188354,-1
907,39.51892828941345,-1
908,39.56597089767456,-1
909,39.615034341812134,-1
910,39.638060569763184,-1
911,39.68510389328003,-1
912,39.73014426231384,-1
913,39.775208950042725,-1
914,39.809239625930786,-1
915,39.85227870941162,-1
916,39.8963189125061,-1
917,39.94336152076721,-1
918,39.98439931869507,-1
919,40.032442569732666,-1
920,40.07548189163208,-1
921,40.12152338027954,-1
922,40.16656446456909,-1
923,40.210604667663574,-1
924,40.254645109176636,-1
925,40.30068635940552,-1
926,40.33166480064392,-1
927,40.35170912742615,-1
928,40.3897442817688,-1
929,40.436787128448486,-1
930,40.47982573509216,-1
931,40.513856172561646,-1
932,40.53387475013733,-1
933,40.57190942764282,-1
934,40.614948987960815,-1
935,40.66182065010071,-1
936,40.70686101913452,-1
937,40.75290513038635,-1
938,40.79994773864746,-1
939,40.842987060546875,-1
940,40.88502526283264,-1
941,40.93206787109375,-1
942,40.97594857215881,-1
943,41.020989418029785,-1
944,41.06703162193298,-1
945,41.112072467803955,-1
946,41.15511202812195,-1
947,41.20215439796448,-1
948,41.2461941242218,-1
949,41.290234327316284,-1
950,41.335275173187256,-1
951,41.38031625747681,-1
952,41.42435646057129,-1
953,41.470398902893066,-1
954,41.501426458358765,-1
955,41.547468185424805,-1
956,41.59050798416138,-1
957,41.63654923439026,-1
958,41.681594371795654,-1
959,41.72563433647156,-1
960,41.772677421569824,-1
961,41.81471490859985,-1
962,41.84774565696716,-1
963,41.890784740448,-1
964,41.93682646751404,-1
965,41.97986555099487,-1
966,42.02790927886963,-1
967,42.07194924354553,-1
968,42.11498785018921,-1
969,42.16103005409241,-1
970,42.208073139190674,-1
971,42.25111222267151,-1
972,42.300156593322754,-1
973,42.34619879722595,-1
974,42.38823676109314,-1
975,42.43527960777283,-1
976,42.47832441329956,-1
977,42.5213577747345,-1
978,42.57040476799011,-1
979,42.61244821548462,-1
980,42.659491300582886,-1
981,42.70553278923035,-1
982,42.75119185447693,-1
983,42.7962384223938,-1
984,42.83827352523804,-1
985,42.88532495498657,-1
986,42.93386363983154,-1
987,42.97490119934082,-1
988,43.01994180679321,-1
989,43.067808866500854,-1
990,43.114375591278076,-1
991,43.15641379356384,-1
992,43.20245552062988,-1
993,43.24849796295166,-1
994,43.28853368759155,-1
995,43.325568437576294,-1
996,43.37060832977295,-1
997,43.41564917564392,-1
998,43.457688093185425,-1
999,43.48971700668335,-1
1000,43.512736320495605,-1
1001,43.56078004837036,-1
1002,43.60782265663147,-1
1003,43.65086126327515,-1
1004,43.68188953399658,-1
1005,43.72392773628235,-1
1006,43.77097034454346,-1
1007,43.816011905670166,-1
1008,43.86355900764465,-1
1009,43.90960121154785,-1
1010,43.95063757896423,-1
1011,43.99968338012695,-1
1012,44.04272246360779,-1
1013,44.084760427474976,-1
1014,44.130802154541016,-1
1015,44.16183018684387,-1
1016,44.20987415313721,-1
1017,44.23789954185486,-1
1018,44.28093910217285,-1
1019,44.32898235321045,-1
1020,44.371020555496216,-1
1021,44.41532921791077,-1
1022,44.43734908103943,-1
1023,44.47738575935364,-1
1024,44.52142572402954,-1
1025,44.56846833229065,-1
1026,44.611855030059814,-1
1027,44.656896114349365,-1
1028,44.701937198638916,-1
1029,44.748979806900024,-1
1030,44.77800679206848,-1
1031,44.82805132865906,-1
1032,44.852073431015015,-1
1033,44.90111756324768,-1
1034,44.94215536117554,-1
1035,44.98719620704651,-1
1036,45.0202260017395,-1
1037,45.064265966415405,-1
1038,45.11030864715576,-1
1039,45.155349016189575,-1
1040,45.19938921928406,-1
1041,45.24342918395996,-1
1042,45.288469552993774,-1
1043,45.337514877319336,-1
1044,45.378551721572876,-1
1045,45.42159128189087,1
1046,45.46863341331482,1
1047,45.51968026161194,1
1048,45.561718225479126,1
1049,45.60375714302063,-1
1050,45.64779710769653,-1
1051,45.693838357925415,-1
1052,45.738879680633545,-1
1053,45.78392314910889,-1
1054,45.8269624710083,-1
1055,45.87200331687927,-1
1056,45.92304968833923,-1
1057,45.96530795097351,-1
1058,46.00835084915161,-1
1059,46.0553936958313,-1
1060,46.101436614990234,-1
1061,46.14347553253174,-1
1062,46.18951725959778,-1
1063,46.23555874824524,-1
1064,46.2795991897583,-1
1065,46.32363939285278,-1
1066,46.369680404663086,-1
1067,46.41271996498108,-1
1068,46.45960760116577,-1
1069,46.50665020942688,-1
1070,46.55069065093994,-1
1071,46.595733404159546,-1
1072,46.640774726867676,-1
1073,46.687816858291626,-1
1074,46.73185753822327,-1
1075,46.77589702606201,-1
1076,46.819937229156494,-1
1077,46.86723184585571,-1
1078,46.90927004814148,-1
1079,46.95598030090332,-1
1080,47.00602602958679,-1
1081,47.047065019607544,-1
1082,47.09110498428345,-1
1083,47.13714671134949,-1
1084,47.17218089103699,-1
1085,47.19858193397522,-1
1086,47.2396194934845,-1
1087,47.28432607650757,-1
1088,47.32936763763428,-1
1089,47.37741136550903,-1
1090,47.42145133018494,-1
1091,47.4644558429718,-1
1092,47.508495807647705,-1
1093,47.541526556015015,-1
1094,47.58556652069092,-1
1095,47.63160800933838,-1
1096,47.67564821243286,-1
1097,47.720688819885254,-1
1098,47.76673221588135,-1
1099,47.8117733001709,-1
1100,47.85581350326538,-1
1101,47.90085434913635,-1
1102,47.943894386291504,-1
1103,47.990936040878296,-1
1104,48.03497672080994,-1
1105,48.08101797103882,-1
1106,48.12505769729614,-1
1107,48.17050886154175,-1
1108,48.218552112579346,-1
1109,48.263593673706055,-1
1110,48.304630517959595,-1
1111,48.350672483444214,-1
1112,48.395713329315186,-1
1113,48.44175696372986,-1
1114,48.48679804801941,-1
1115,48.533812522888184,-1
1116,48.57685136795044,-1
1117,48.62339687347412,-1
1118,48.6679413318634,-1
1119,48.711981534957886,-1
1120,48.76002597808838,-1
1121,48.804064989089966,-1
1122,48.849106550216675,-1
1123,48.893146276474,-1
1124,48.93818736076355,-1
1125,48.98222732543945,-1
1126,49.02751445770264,-1
1127,49.0715548992157,-1
1128,49.11659574508667,-1
1129,49.15365934371948,-1
1130,49.17570638656616,-1
1131,49.2257513999939,-1
1132,49.273794651031494,-1
1133,49.3138313293457,-1
1134,49.35987329483032,-1
1135,49.403913736343384,-1
1136,49.44795322418213,-1
1137,49.49399471282959,-1
1138,49.53703737258911,-1
1139,49.57206892967224,-1
1140,49.61310625076294,-1
1141,49.65814733505249,-1
1142,49.70819282531738,-1
1143,49.74923038482666,-1
1144,49.79527187347412,-1
1145,49.82329773902893,-1
1146,49.869343519210815,-1
1147,49.91338324546814,-1
1148,49.93540334701538,-1
1149,49.97644090652466,-1
1150,50.02048063278198,-1
1151,50.064520597457886,-1
1152,50.09855127334595,-1
1153,50.11756873130798,-1
1154,50.15260076522827,-1
1155,50.18362879753113,-1
1156,50.23167276382446,-1
1157,50.274712324142456,-1
1158,50.29673147201538,-1
1159,50.33576726913452,-1
1160,50.37880611419678,-1
1161,50.424851179122925,-1
1162,50.471590757369995,-1
1163,50.51262807846069,-1
1164,50.557669162750244,-1
1165,50.60270977020264,-1
1166,50.648751735687256,-1
1167,50.69379234313965,-1
1168,50.73983430862427,-1
1169,50.78387498855591,-1
1170,50.82891607284546,-1
1171,50.87595796585083,-1
1172,50.91799592971802,-1
1173,50.965039014816284,-1
1174,51.0100793838501,-1
1175,51.04110860824585,-1
1176,51.084147453308105,-1
1177,51.12918829917908,-1
1178,51.175230503082275,-1
1179,51.222280502319336,-1
1180,51.26337790489197,-1
1181,51.309420108795166,-1
1182,51.35346007347107,-1
1183,51.401503801345825,-1
1184,51.44454288482666,-1
1185,51.48858284950256,-1
1186,51.53462481498718,-1
1187,51.5686559677124,-1
1188,51.58867359161377,-1
1189,51.624706506729126,-1
1190,51.6697473526001,-1
1191,51.71478891372681,-1
1192,51.75982928276062,-1
1193,51.80487012863159,1
1194,51.84991145133972,1
1195,51.89695405960083,1
1196,51.94199562072754,1
1197,51.986034870147705,-1
1198,52.0290744304657,-1
1199,52.07611703872681,-1
1200,52.11915612220764,-1
1201,52.16619873046875,-1
1202,52.209237813949585,-1
1203,52.25628161430359,-1
1204,52.300320863723755,-1
1205,52.34536170959473,-1
1206,52.37739062309265,-1
1207,52.420430183410645,-1
1208,52.466471672058105,-1
1209,52.48649001121521,-1
1210,52.525527238845825,-1
1211,52.57257032394409,-1
1212,52.614614963531494,-1
1213,52.66065716743469,-1
1214,52.706698417663574,-1
1215,52.750738859176636,-1
1216,52.797783613204956,-1
1217,52.839821577072144,-1
1218,52.88487672805786,-1
1219,52.92991805076599,-1
1220,52.97796106338501,-1
1221,53.02200198173523,-1
1222,53.066041707992554,-1
1223,53.11008358001709,-1
1224,53.1571261882782,-1
1225,53.200165033340454,-1
1226,53.24620747566223,-1
1227,53.290247440338135,-1
1228,53.335288286209106,-1
1229,53.381330251693726,-1
1230,53.42837333679199,-1
1231,53.47141242027283,-1
1232,53.50644397735596,-1
1233,53.54948329925537,-1
1234,53.59152150154114,-1
1235,53.6135413646698,-1
1236,53.6525764465332,-1
1237,53.70046520233154,-1
1238,53.744505167007446,-1
1239,53.787545919418335,-1
1240,53.832587003707886,-1
1241,53.87862825393677,-1
1242,53.92366933822632,-1
1243,53.95269966125488,-1
1244,53.97672200202942,-1
1245,54.011780977249146,-1
1246,54.056822538375854,-1
1247,54.1008620262146,-1
1248,54.149906158447266,-1
1249,54.19394636154175,-1
1250,54.235984325408936,-1
1251,54.281025648117065,-1
1252,54.32706689834595,-1
1253,54.37110710144043,-1
1254,54.41714954376221,-1
1255,54.46319127082825,-1
1256,54.49421954154968,-1
1257,54.517240047454834,-1
1258,54.557276248931885,-1
1259,54.60031843185425,-1
1260,54.643357276916504,-1
1261,54.6873996257782,-1
1262,54.7334418296814,-1
1263,54.7774817943573,-1
1264,54.8215217590332,-1
1265,54.867563247680664,-1
1266,54.912604331970215,1
1267,54.95764517784119,1
1268,55.00168561935425,1
1269,55.03671717643738,1
1270,55.0567352771759,1
1271,55.095770835876465,-1
1272,55.139811277389526,-1
1273,55.1828510761261,-1
1274,55.22889161109924,-1
1275,55.27621150016785,-1
1276,55.31825256347656,-1
1277,55.36569046974182,-1
1278,55.409730672836304,-1
1279,55.45377016067505,-1
1280,55.500813007354736,-1
1281,55.54585385322571,-1
1282,55.588892698287964,-1
1283,55.63493514060974,-1
1284,55.679975748062134,-1
1285,55.725016355514526,-1
1286,55.771058082580566,-1
1287,55.81409788131714,-1
1288,55.86114048957825,-1
1289,55.91118550300598,-1
1290,55.95022177696228,-1
1291,55.994261503219604,-1
1292,56.045307636260986,-1
1293,56.08434557914734,-1
1294,56.13439083099365,-1
1295,56.17542839050293,-1
1296,56.218467235565186,-1
1297,56.265448808670044,-1
1298,56.310489892959595,-1
1299,56.33451199531555,-1
1300,56.37255024909973,-1
1301,56.416590452194214,-1
1302,56.46463394165039,-1
1303,56.50867438316345,-1
1304,56.54971122741699,-1
1305,56.59775495529175,-1
1306,56.64379644393921,-1
1307,56.684837341308594,-1
1308,56.7298789024353,-1
1309,56.77892327308655,-1
1310,56.819961071014404,-1
1311,56.86600208282471,-1
1312,56.912044286727905,-1
1313,56.94507455825806,-1
1314,56.98411417007446,-1
1315,57.034160137176514,-1
1316,57.05517816543579,-1
1317,57.093212604522705,-1
1318,57.13825702667236,-1
1319,57.1792938709259,-1
1320,57.22633671760559,-1
1321,57.27237892150879,-1
1322,57.31441688537598,-1
1323,57.360458850860596,-1
1324,57.40493130683899,-1
1325,57.45091152191162,-1
1326,57.495954275131226,-1
1327,57.540812969207764,-1
1328,57.58785581588745,-1
1329,57.63389801979065,-1
1330,57.677937746047974,-1
1331,57.72097682952881,-1
1332,57.76701855659485,-1
1333,57.81206202507019,-1
1334,57.856101751327515,-1
1335,57.901142835617065,-1
1336,57.94718527793884,-1
1337,57.99122500419617,-1
1338,58.03585624694824,-1
1339,58.082844734191895,-1
1340,58.128885984420776,-1
1341,58.17392706871033,-1
1342,58.21596598625183,-1
1343,58.26400923728943,-1
1344,58.31005144119263,-1
1345,58.353090047836304,-1
1346,58.38311767578125,-1
1347,58.42915964126587,-1
1348,58.47420024871826,-1
1349,58.49822235107422,-1
1350,58.53625702857971,-1
1351,58.58033585548401,-1
1352,58.63064217567444,-1
1353,58.67167901992798,-1
1354,58.71471858024597,-1
1355,58.75775694847107,-1
1356,58.80580139160156,-1
1357,58.848841190338135,-1
1358,58.8928804397583,-1
1359,58.93892192840576,-1
1360,58.9829626083374,-1
1361,59.02800273895264,-1
1362,59.07304406166077,-1
1363,59.11808514595032,-1
1364,59.16412663459778,-1
1365,59.20716643333435,-1
1366,59.25420832633972,-1
1367,59.30025005340576,-1
1368,59.34429097175598,-1
1369,59.37631964683533,-1
1370,59.39882135391235,-1
1371,59.43585467338562,-1
1372,59.47789239883423,-1
1373,59.52393436431885,-1
1374,59.56997632980347,-1
1375,59.61301565170288,-1
1376,59.662763357162476,-1
1377,59.702799558639526,-1
1378,59.7508430480957,-1
1379,59.774868965148926,-1
1380,59.80988383293152,-1
1381,59.85292315483093,-1
1382,59.89996576309204,-1
1383,59.94400596618652,-1
1384,59.97703576087952,-1
1385,60.018073320388794,-1
1386,60.06611680984497,-1
1387,60.109156131744385,-1
1388,60.154196977615356,-1
1389,60.201239585876465,-1
1390,60.24527955055237,-1
1391,60.28831887245178,-1
1392,60.33536100387573,-1
1393,60.379401445388794,-1
1394,60.424442529678345,-1
1395,60.47148513793945,-1
1396,60.51452445983887,-1
1397,60.56056618690491,-1
1398,60.60560727119446,-1
1399,60.64964747428894,-1
1400,60.67171049118042,-1
1401,60.69973635673523,-1
1402,60.74077272415161,-1
1403,60.78381586074829,-1
1404,60.8308584690094,-1
1405,60.87589931488037,-1
1406,60.92094087600708,-1
1407,60.965981245040894,-1
1408,61.01202321052551,-1
1409,61.055062770843506,-1
1410,61.10110378265381,-1
1411,61.13213276863098,-1
1412,61.17617440223694,-1
1413,61.22221875190735,-1
1414,61.24323797225952,-1
1415,61.27826976776123,-1
1416,61.32431149482727,-1
1417,61.355339765548706,-1
1418,61.40538501739502,-1
1419,61.43341088294983,-1
1420,61.475449085235596,-1
1421,61.52048969268799,-1
1422,61.568533420562744,-1
1423,61.613574504852295,-1
1424,61.65561270713806,-1
1425,61.70165419578552,-1
1426,61.744693994522095,-1
1427,61.778724670410156,-1
1428,61.8077507019043,-1
1429,61.85279154777527,-1
1430,61.89683175086975,-1
1431,61.94287371635437,-1
1432,61.962892293930054,-1
1433,62.00192666053772,1
1434,62.048970222473145,1
1435,62.09200930595398,1
1436,62.13827466964722,1
1437,62.18031287193298,-1
1438,62.2263548374176,-1
1439,62.270394802093506,-1
1440,62.31743931770325,-1
1441,62.34946846961975,-1
1442,62.39350891113281,-1
1443,62.43854999542236,-1
1444,62.483591079711914,-1
1445,62.506611585617065,-1
1446,62.54364538192749,-1
1447,62.587685346603394,-1
1448,62.632726192474365,-1
1449,62.65374517440796,-1
1450,62.67877149581909,-1
1451,62.721810817718506,-1
1452,62.76785206794739,-1
1453,62.81289315223694,-1
1454,62.860594511032104,-1
1455,62.9036328792572,-1
1456,62.946672201156616,-1
1457,62.99171328544617,-1
1458,63.03675413131714,-1
1459,63.08279633522034,-1
1460,63.12690043449402,-1
1461,63.17194199562073,-1
1462,63.21925377845764,-1
1463,63.2632942199707,-1
1464,63.30833411216736,-1
1465,63.353904724121094,-1
1466,63.399946451187134,-1
1467,63.443987131118774,-1
1468,63.490028381347656,-1
1469,63.53811478614807,-1
1470,63.58015513420105,-1
1471,63.62319350242615,-1
1472,63.6712372303009,-1
1473,63.71527814865112,-1
1474,63.761319637298584,-1
1475,63.80636024475098,-1
1476,63.851401567459106,-1
1477,63.89644193649292,-1
1478,63.9404821395874,-1
1479,63.98652410507202,-1
1480,64.03256583213806,-1
1481,64.07660627365112,-1
1482,64.11864423751831,-1
1483,64.16368508338928,-1
1484,64.20872569084167,-1
1485,64.25576853752136,-1
1486,64.29080057144165,-1
1487,64.3118200302124,-1
1488,64.35886263847351,-1
1489,64.40790724754333,-1
1490,64.4519476890564,-1
1491,64.499990940094,-1
1492,64.5240125656128,-1
1493,64.57005476951599,-1
1494,64.61598038673401,-1
1495,64.66202282905579,-1
1496,64.70606231689453,-1
1497,64.72706079483032,-1
1498,64.7660961151123,-1
1499,64.8111367225647,-1
1500,64.8571994304657,-1
1501,64.90224027633667,-1
1502,64.93803071975708,-1
1503,64.96105146408081,-1
1504,65.00709319114685,-1
1505,65.05198669433594,-1
1506,65.09502649307251,-1
1507,65.14206838607788,-1
1508,65.18510794639587,1
1509,65.2321503162384,1
1510,65.27619051933289,1
1511,65.32223439216614,1
1512,65.36627459526062,-1
1513,65.41031408309937,-1
1514,65.45555996894836,-1
1515,65.50172638893127,-1
1516,65.54376530647278,-1
1517,65.59080767631531,-1
1518,65.63384675979614,-1
1519,65.67988920211792,-1
1520,65.72493004798889,-1
1521,65.77097129821777,-1
1522,65.81601214408875,-1
1523,65.8610532283783,-1
1524,65.90509414672852,-1
1525,65.95213627815247,-1
1526,66.00418376922607,-1
1527,66.0432198047638,-1
1528,66.08625793457031,-1
1529,66.13229990005493,-1
1530,66.17634081840515,-1
1531,66.22138619422913,-1
1532,66.2664270401001,-1
1533,66.30946683883667,-1
1534,66.3585114479065,-1
1535,66.39954805374146,-1
1536,66.44559025764465,-1
1537,66.4916410446167,-1
1538,66.53568077087402,-1
1539,66.58073377609253,-1
1540,66.62477397918701,-1
1541,66.67081570625305,-1
1542,66.71485567092896,-1
1543,66.76089787483215,-1
1544,66.7959291934967,-1
1545,66.83796787261963,-1
1546,66.88100743293762,-1
1547,66.92604780197144,-1
1548,66.97309112548828,-1
1549,67.01512885093689,-1
1550,67.062171459198,-1
1551,67.10621166229248,-1
1552,67.15625667572021,-1
1553,67.20229911804199,-1
1554,67.2443368434906,-1
1555,67.28637552261353,-1
1556,67.33542013168335,-1
1557,67.37745809555054,-1
1558,67.42450070381165,-1
1559,67.46653938293457,-1
1560,67.51358199119568,-1
1561,67.55662107467651,-1
1562,67.60266304016113,-1
1563,67.64670252799988,-1
1564,67.69474673271179,-1
1565,67.74078822135925,-1
1566,67.78382849693298,-1
1567,67.82886862754822,-1
1568,67.87691187858582,-1
1569,67.91794967651367,-1
1570,67.96499228477478,-1
1571,68.00803089141846,-1
1572,68.05507445335388,-1
1573,68.09811329841614,-1
1574,68.14315438270569,-1
1575,68.18919563293457,-1
1576,68.23824119567871,-1
1577,68.28035306930542,-1
1578,68.32387852668762,-1
1579,68.36791849136353,-1
1580,68.41596221923828,-1
1581,68.46000170707703,-1
1582,68.50604391098022,-1
1583,68.54808187484741,-1
1584,68.59612560272217,-1
1585,68.64216780662537,-1
1586,68.68320488929749,-1
1587,68.73124837875366,-1
1588,68.77729058265686,-1
1589,68.81832814216614,-1
1590,68.86437010765076,-1
1591,68.91041135787964,-1
1592,68.95873832702637,-1
1593,69.00578117370605,-1
1594,69.04882025718689,-1
1595,69.09185910224915,-1
1596,69.1358995437622,-1
1597,69.17993903160095,-1
1598,69.22598075866699,-1
1599,69.27202320098877,-1
1600,69.31406211853027,-1
1601,69.3611044883728,-1
1602,69.40814661979675,-1
1603,69.4551899433136,-1
1604,69.49922966957092,-1
1605,69.54226922988892,-1
1606,69.58430695533752,-1
1607,69.62934803962708,-1
1608,69.67639064788818,-1
1609,69.72143149375916,-1
1610,69.76447081565857,-1
1611,69.81062340736389,-1
1612,69.85766673088074,-1
1613,69.90070533752441,-1
1614,69.94574618339539,-1
1615,69.99078679084778,-1
1616,70.03682923316956,-1
1617,70.07986831665039,-1
1618,70.12490916252136,-1
1619,70.168949842453,-1
1620,70.21599197387695,-1
1621,70.26003289222717,-1
1622,70.30507326126099,-1
1623,70.35111737251282,-1
1624,70.38642525672913,-1
1625,70.4124493598938,-1
1626,70.45849084854126,-1
1627,70.50253129005432,-1
1628,70.54456925392151,-1
1629,70.5956163406372,-1
1630,70.63865494728088,-1
1631,70.68169403076172,-1
1632,70.72573399543762,-1
1633,70.77177596092224,-1
1634,70.81581568717957,-1
1635,70.8608570098877,-1
1636,70.90589809417725,-1
1637,70.95594310760498,-1
1638,70.99597978591919,-1
1639,71.04001951217651,-1
1640,71.09106540679932,-1
1641,71.13460731506348,-1
1642,71.17764663696289,-1
1643,71.22168684005737,-1
1644,71.27174854278564,-1
1645,71.31178450584412,-1
1646,71.35682559013367,-1
1647,71.4018669128418,-1
1648,71.44891142845154,-1
1649,71.49395275115967,-1
1650,71.5379958152771,-1
1651,71.58303666114807,-1
1652,71.62908005714417,-1
1653,71.6741361618042,-1
1654,71.71918058395386,-1
1655,71.76173305511475,-1
1656,71.80677437782288,-1
1657,71.85281586647034,-1
1658,71.89685606956482,-1
1659,71.9438989162445,-1
1660,71.98993992805481,-1
1661,72.03398036956787,-1
1662,72.07802128791809,-1
1663,72.12406253814697,-1
1664,72.16860747337341,-1
1665,72.21364855766296,-1
1666,72.25932025909424,-1
1667,72.29034900665283,-1
1668,72.33839321136475,-1
1669,72.3694212436676,-1
1670,72.39944815635681,-1
1671,72.44248747825623,-1
1672,72.48652720451355,-1
1673,72.53457307815552,-1
1674,72.57861351966858,-1
1675,72.6196506023407,-1
1676,72.66669535636902,-1
1677,72.71173572540283,-1
1678,72.7547755241394,-1
1679,72.79981589317322,-1
1680,72.8448576927185,-1
1681,72.89089894294739,-1
1682,72.94294667243958,-1
1683,72.98098039627075,-1
1684,73.026606798172,-1
1685,73.07130718231201,-1
1686,73.10734057426453,-1
1687,73.14891529083252,-1
1688,73.19395565986633,-1
1689,73.23738646507263,-1
1690,73.28242754936218,-1
1691,73.30344676971436,-1
1692,73.34248208999634,-1
1693,73.38552117347717,-1
1694,73.43456888198853,-1
1695,73.47960901260376,-1
1696,73.52265048027039,-1
1697,73.568692445755,-1
1698,73.61273264884949,-1
1699,73.65677237510681,-1
1700,73.70281386375427,-1
1701,73.73784613609314,-1
1702,73.77788233757019,-1
1703,73.82192468643188,-1
1704,73.86696553230286,-1
1705,73.9160099029541,-1
1706,73.95804834365845,-1
1707,74.006094455719,-1
1708,74.04713296890259,-1
1709,74.09421396255493,-1
1710,74.13825416564941,-1
1711,74.18329429626465,-1
1712,74.22733473777771,-1
1713,74.27237558364868,-1
1714,74.31741642951965,-1
1715,74.36245775222778,-1
1716,74.40694880485535,-1
1717,74.45299124717712,-1
1718,74.49703121185303,-1
1719,74.54607510566711,-1
1720,74.58911490440369,-1
1721,74.63415551185608,-1
1722,74.67819666862488,-1
1723,74.72523880004883,-1
1724,74.77027940750122,-1
1725,74.8143196105957,-1
1726,74.85737133026123,-1
1727,74.88739848136902,-1
1728,74.93544220924377,-1
1729,74.98048329353333,-1
1730,75.0045051574707,-1
1731,75.04354071617126,-1
1732,75.08557868003845,-1
1733,75.13062000274658,-1
1734,75.17566061019897,-1
1735,75.21769881248474,-1
1736,75.26774430274963,-1
1737,75.31180143356323,-1
1738,75.34282922744751,-1
1739,75.36485028266907,-1
1740,75.40188431739807,-1
1741,75.44592356681824,-1
1742,75.49396657943726,-1
1743,75.5360050201416,-1
1744,75.58004546165466,-1
1745,75.62608766555786,-1
1746,75.6721293926239,-1
1747,75.71516847610474,-1
1748,75.76052188873291,-1
1749,75.80556273460388,-1
1750,75.84960317611694,-1
1751,75.89764666557312,-1
1752,75.93968486785889,-1
1753,75.98672771453857,-1
1754,76.03377056121826,-1
1755,76.07981276512146,-1
1756,76.12285137176514,0
1757,76.16789197921753,0
1758,76.21193242073059,0
1759,76.26049280166626,0
1760,76.30353260040283,-1
1761,76.34657120704651,-1
1762,76.39161205291748,-1
1763,76.441659450531,-1
1764,76.48269701004028,-1
1765,76.52773785591125,-1
1766,76.57378029823303,-1
1767,76.61681914329529,-1
1768,76.6638617515564,-1
1769,76.70590019226074,-1
1770,76.75294256210327,-1
1771,76.7989866733551,-1
1772,76.84302687644958,-1
1773,76.89002990722656,-1
1774,76.93306851387024,-1
1775,76.98011183738708,-1
1776,77.02315068244934,-1
1777,77.06819176673889,-1
1778,77.11428999900818,-1
1779,77.15731978416443,-1
1780,77.20236086845398,1
1781,77.24840211868286,1
1782,77.29244184494019,1
1783,77.32647323608398,1
1784,77.35350012779236,1
1785,77.40254783630371,-1
1786,77.44458556175232,-1
1787,77.48762559890747,-1
1788,77.52065539360046,-1
1789,77.56569600105286,-1
1790,77.61273884773254,-1
1791,77.6567816734314,-1
1792,77.68380618095398,-1
1793,77.70682787895203,-1
1794,77.74286031723022,-1
1795,77.78790140151978,-1
1796,77.83494472503662,-1
1797,77.87798357009888,-1
1798,77.9220232963562,-1
1799,77.96806597709656,-1
1800,78.01310610771179,-1
1801,78.0581476688385,-1
1802,78.07916593551636,-1
1803,78.11720085144043,-1
1804,78.1652443408966,-1
1805,78.20928430557251,-1
1806,78.25432515144348,-1
1807,78.30136799812317,-1
1808,78.34340620040894,-1
1809,78.38944816589355,-1
1810,78.43348836898804,-1
1811,78.47852921485901,-1
1812,78.52357029914856,-1
1813,78.56761002540588,-1
1814,78.6156542301178,-1
1815,78.65969371795654,-1
1816,78.70573568344116,-1
1817,78.748774766922,-1
1818,78.79381608963013,-1
1819,78.8148353099823,-1
1820,78.8538703918457,-1
1821,78.89991211891174,-1
1822,78.94595432281494,-1
1823,78.9899959564209,-1
1824,79.03503704071045,-1
1825,79.08108425140381,-1
1826,79.12612509727478,-1
1827,79.17016553878784,-1
1828,79.21320486068726,-1
1829,79.25924611091614,-1
1830,79.30328631401062,-1
1831,79.34983611106873,-1
1832,79.39487719535828,-1
1833,79.4399197101593,-1
1834,79.48496055603027,-1
1835,79.53100180625916,-1
1836,79.57604503631592,-1
1837,79.62008571624756,-1
1838,79.66612911224365,-1
1839,79.71017026901245,-1
1840,79.75521302223206,-1
1841,79.80025362968445,-1
1842,79.84830164909363,-1
1843,79.89552879333496,-1
1844,79.93556594848633,-1
1845,79.9796051979065,-1
1846,80.02564811706543,-1
1847,80.07168889045715,-1
1848,80.1177306175232,-1
1849,80.16277146339417,-1
1850,80.19279932975769,-1
1851,80.23984217643738,-1
1852,80.26086115837097,-1
1853,80.2988953590393,-1
1854,80.34393668174744,-1
1855,80.38697719573975,-1
1856,80.43301939964294,-1
1857,80.47806072235107,-1
1858,80.52009797096252,-1
1859,80.56714105606079,-1
1860,80.61318278312683,-1
1861,80.65722346305847,-1
1862,80.70226383209229,-1
1863,80.7453031539917,-1
1864,80.79335260391235,-1
1865,80.83639240264893,-1
1866,80.88143396377563,-1
1867,80.9254732131958,-1
1868,80.9605073928833,-1
1869,80.98153710365295,-1
1870,81.01656246185303,-1
1871,81.06160569190979,-1
1872,81.1126537322998,-1
1873,81.15068888664246,-1
1874,81.19773054122925,-1
1875,81.24285435676575,-1
1876,81.2728819847107,-1
1877,81.2929003238678,-1
1878,81.33393740653992,-1
1879,81.3779788017273,-1
1880,81.42201924324036,-1
1881,81.4670639038086,-1
1882,81.5111038684845,-1
1883,81.5571494102478,-1
1884,81.60319089889526,-1
1885,81.64923286437988,-1
1886,81.69327211380005,-1
1887,81.73631262779236,-1
1888,81.78135299682617,-1
1889,81.8283953666687,-1
1890,81.87143421173096,-1
1891,81.91647529602051,-1
1892,81.9475040435791,-1
1893,81.99354529380798,-1
1894,82.03958702087402,-1
1895,82.05860447883606,-1
1896,82.09864091873169,-1
1897,82.14368176460266,-1
1898,82.18772220611572,-1
1899,82.23476481437683,-1
1900,82.27780389785767,-1
1901,82.32184362411499,-1
1902,82.36888670921326,-1
1903,82.41292667388916,-1
1904,82.45896983146667,-1
1905,82.50401091575623,-1
1906,82.54905247688293,-1
1907,82.59560132026672,-1
1908,82.63763976097107,-1
1909,82.68768501281738,-1
1910,82.72872281074524,-1
1911,82.77276253700256,-1
1912,82.81980514526367,-1
1913,82.86384534835815,-1
1914,82.9098870754242,-1
1915,82.95492815971375,-1
1916,83.00097060203552,-1
1917,83.04801273345947,-1
1918,83.09205293655396,-1
1919,83.13609290122986,-1
1920,83.17913222312927,-1
1921,83.22417283058167,-1
1922,83.27221655845642,-1
1923,83.3162567615509,-1
1924,83.34628367424011,-1
1925,83.3893232345581,-1
1926,83.43536520004272,-1
1927,83.4824070930481,-1
1928,83.50642919540405,-1
1929,83.55547404289246,-1
1930,83.60251688957214,-1
1931,83.64555621147156,-1
1932,83.6795871257782,-1
1933,83.71962332725525,-1
1934,83.76666593551636,-1
1935,83.81070613861084,-1
1936,83.85474681854248,-1
1937,83.90278959274292,-1
1938,83.94580888748169,-1
1939,83.98984909057617,-1
1940,84.03589081764221,-1
1941,84.0809314250946,-1
1942,84.1239709854126,-1
1943,84.17001295089722,-1
1944,84.21905755996704,-1
1945,84.260094165802,-1
1946,84.28912138938904,-1
1947,84.33916687965393,-1
1948,84.38220620155334,-1
1949,84.40522694587708,-1
1950,84.4402585029602,-1
1951,84.48730063438416,-1
1952,84.53334283828735,-1
1953,84.57638192176819,-1
1954,84.62042236328125,-1
1955,84.66446208953857,-1
1956,84.71050429344177,-1
1957,84.75554490089417,-1
1958,84.80058598518372,-1
1959,84.84763360023499,-1
1960,84.8896713256836,-1
1961,84.93771553039551,-1
1962,84.98175549507141,-1
1963,85.02579641342163,-1
1964,85.07183718681335,-1
1965,85.11487674713135,-1
1966,85.15991759300232,-1
1967,85.20495915412903,-1
1968,85.25400304794312,-1
1969,85.29837560653687,-1
1970,85.34192991256714,-1
1971,85.38597011566162,-1
1972,85.43401408195496,-1
1973,85.47805452346802,-1
1974,85.5210931301117,-1
1975,85.5661346912384,-1
1976,85.6111752986908,-1
1977,85.65521574020386,-1
1978,85.70125722885132,-1
1979,85.7472984790802,-1
1980,85.7933406829834,-1
1981,85.83838152885437,-1
1982,85.8681321144104,-1
1983,85.91317319869995,-1
1984,85.95621252059937,-1
1985,86.00225448608398,-1
1986,86.04529356956482,-1
1987,86.09033465385437,-1
1988,86.13937878608704,-1
1989,86.18241763114929,-1
1990,86.22645783424377,-1
1991,86.2724997997284,-1
1992,86.31653928756714,-1
1993,86.36158108711243,-1
1994,86.40562081336975,-1
1995,86.45266389846802,-1
1996,86.49570274353027,-1
1997,86.54474759101868,-1
1998,86.58978819847107,-1
1999,86.63182640075684,-1
2000,86.67686939239502,-1
2001,86.72191023826599,-1
2002,86.76895308494568,-1
2003,86.81599640846252,-1
2004,86.85803389549255,-1
2005,86.90407609939575,-1
2006,86.94711542129517,-1
2007,86.99315667152405,-1
2008,87.02318406105042,-1
2009,87.06922602653503,-1
2010,87.11526775360107,-1
2011,87.13928961753845,-1
2012,87.1883339881897,-1
2013,87.2373788356781,-1
2014,87.28041815757751,-1
2015,87.32646012306213,-1
2016,87.36949920654297,-1
2017,87.4125382900238,-1
2018,87.45857977867126,-1
2019,87.50262022018433,-1
2020,87.5476610660553,-1
2021,87.59370255470276,-1
2022,87.63974475860596,-1
2023,87.685786485672,-1
2024,87.73082733154297,-1
2025,87.77486824989319,-1
2026,87.81890749931335,-1
2027,87.86394834518433,-1
2028,87.89797973632812,-1
2029,87.94001722335815,-1
2030,87.9840579032898,-1
2031,88.03210282325745,-1
2032,88.07414126396179,-1
2033,88.12018275260925,-1
2034,88.16422295570374,-1
2035,88.20926332473755,-1
2036,88.25730776786804,-1
2037,88.29934597015381,-1
2038,88.34338617324829,-1
2039,88.3904287815094,-1
2040,88.44147515296936,-1
2041,88.48351263999939,-1
2042,88.52755331993103,-1
2043,88.57359504699707,-1
2044,88.61463236808777,-1
2045,88.66167521476746,-1
2046,88.70971870422363,-1
2047,88.75375866889954,-1
2048,88.79779887199402,-1
2049,88.84083795547485,-1
2050,88.88387727737427,-1
2051,88.93292188644409,-1
2052,88.97796249389648,-1
2053,89.02000093460083,-1
2054,89.06704425811768,-1
2055,89.11082363128662,-1
2056,89.15586447715759,-1
2057,89.20190620422363,-1
2058,89.24594640731812,-1
2059,89.28898572921753,-1
2060,89.3330249786377,-1
2061,89.37906742095947,-1
2062,89.42514157295227,-1
2063,89.47159695625305,-1
2064,89.51763820648193,-1
2065,89.55967664718628,-1
2066,89.60371661186218,-1
2067,89.65176057815552,-1
2068,89.69880318641663,-1
2069,89.74284315109253,-1
2070,89.78588342666626,-1
2071,89.83192610740662,-1
2072,89.87496519088745,-1
2073,89.92100644111633,-1
2074,89.96605014801025,-1
2075,90.01109099388123,-1
2076,90.04312038421631,-1
2077,90.07225275039673,-1
2078,90.103280544281,-1
2079,90.13230729103088,-1
2080,90.16284990310669,-1
2081,90.19187593460083,-1
2082,90.22190284729004,-1
2083,90.24192118644714,-1
2084,90.26694393157959,-1
2085,90.29697108268738,-1
2086,90.32499718666077,-1
2087,90.35502409934998,-1
2088,90.38505220413208,-1
2089,90.41407799720764,-1
2090,90.44410467147827,-1
2091,90.47513318061829,-1
2092,90.50616145133972,-1
2093,90.5381908416748,-1
2094,90.56821775436401,-1
2095,90.59724426269531,-1
2096,90.62727117538452,-1
2097,90.65729832649231,-1
2098,90.68532466888428,-1
2099,90.71535134315491,-1
2100,90.74537873268127,-1
2101,90.77610421180725,-1
2102,90.80513072013855,-1
2103,90.83716011047363,-1
2104,90.86602640151978,-1
2105,90.89705514907837,-1
2106,90.93108606338501,-1
2107,90.96011257171631,-1
2108,90.98513531684875,1
2109,91.01416158676147,1
2110,91.04569268226624,1
2111,91.07866883277893,1
2112,91.10869550704956,1
2113,91.14072489738464,1
2114,91.16574764251709,-1
2115,91.19777727127075,-1
2116,91.22680425643921,-1
2117,91.25683069229126,-1
2118,91.28585696220398,-1
2119,91.31588435173035,-1
2120,91.34591150283813,-1
2121,91.3759388923645,-1
2122,91.40796756744385,-1
2123,91.43899655342102,-1
2124,91.46602082252502,-1
2125,91.49704909324646,-1
2126,91.52707648277283,-1
2127,91.55710363388062,-1
2128,91.5871307849884,-1
2129,91.61515641212463,-1
2130,91.64618444442749,-1
2131,91.67721319198608,-1
2132,91.70824098587036,-1
2133,91.73626708984375,-1
2134,91.76729536056519,-1
2135,91.7973222732544,-1
2136,91.82835006713867,-1
2137,91.85737752914429,-1
2138,91.88640308380127,-1
2139,91.91643023490906,-1
2140,91.94645762443542,-1
2141,91.97548413276672,-1
2142,91.99450135231018,-1
2143,92.02152585983276,-1
2144,92.04054379463196,-1
2145,92.06656694412231,1
2146,92.09759521484375,1
2147,92.12862801551819,1
2148,92.15765452384949,1
2149,92.18768191337585,1
2150,92.21670985221863,1
2151,92.246737241745,-1
2152,92.27676439285278,-1
2153,92.3077929019928,-1
2154,92.33681917190552,-1
2155,92.36784768104553,-1
2156,92.3978750705719,-1
2157,92.42790222167969,-1
2158,92.45692825317383,-1
2159,92.48695611953735,-1
2160,92.5159821510315,-1
2161,92.548011302948,-1
2162,92.57803845405579,-1
2163,92.60906672477722,-1
2164,92.63709235191345,-1
2165,92.66812062263489,-1
2166,92.69914865493774,-1
2167,92.72917604446411,-1
2168,92.75720119476318,-1
2169,92.78622770309448,-1
2170,92.81725597381592,-1
2171,92.8472831249237,-1
2172,92.87731099128723,-1
2173,92.90833902359009,-1
2174,92.9413685798645,-1
2175,92.9683940410614,1
2176,92.99842071533203,1
2177,93.02844834327698,1
2178,93.05847525596619,1
2179,93.0875015258789,1
2180,93.1165280342102,1
2181,93.14755630493164,1
2182,93.17758369445801,1
2183,93.20861196517944,1
2184,93.23863935470581,1
2185,93.26766538619995,1
2186,93.29769349098206,1
2187,93.32972192764282,1
2188,93.35774755477905,-1
2189,93.38677430152893,-1
2190,93.41780209541321,-1
2191,93.447829246521,-1
2192,93.47686100006104,-1
2193,93.50888991355896,-1
2194,93.53691530227661,-1
2195,93.56894493103027,-1
2196,93.59897208213806,-1
2197,93.62999987602234,-1
2198,93.66002750396729,-1
2199,93.68805289268494,-1
2200,93.71908140182495,1
2201,93.74810719490051,1
2202,93.77713346481323,1
2203,93.8091630935669,1
2204,93.83919048309326,1
2205,93.8682188987732,1
2206,93.89924669265747,-1
2207,93.929274559021,-1
2208,93.95729923248291,-1
2209,93.98832774162292,-1
2210,94.01835489273071,-1
2211,94.04938316345215,-1
2212,94.06740021705627,-1
2213,94.09642577171326,-1
2214,94.12647104263306,-1
2215,94.1534948348999,-1
2216,94.18252110481262,-1
2217,94.21254825592041,-1
2218,94.24657964706421,-1
2219,94.27460527420044,-1
2220,94.3028085231781,-1
2221,94.33483862876892,-1
2222,94.36486601829529,-1
2223,94.39589357376099,-1
2224,94.42492032051086,-1
2225,94.45394611358643,-1
2226,94.4829728603363,1
2227,94.49998831748962,1
2228,94.53001546859741,1
2229,94.56004309654236,1
2230,94.5890691280365,1
2231,94.6190984249115,1
2232,94.63711500167847,1
2233,94.66454219818115,-1
2234,94.69557094573975,-1
2235,94.72459697723389,-1
2236,94.75462412834167,-1
2237,94.78465127944946,-1
2238,94.81467843055725,-1
2239,94.8437089920044,-1
2240,94.87473726272583,-1
2241,94.90476512908936,-1
2242,94.93479132652283,-1
2243,94.96581983566284,-1
2244,94.99584722518921,-1
2245,95.02487349510193,-1
2246,95.05389952659607,-1
2247,95.0839273929596,-1
2248,95.11495518684387,-1
2249,95.1449830532074,-1
2250,95.1760802268982,-1
2251,95.20410537719727,1
2252,95.23513388633728,1
2253,95.26716566085815,1
2254,95.29719281196594,1
2255,95.32521867752075,1
2256,95.35524535179138,1
2257,95.38527274131775,0
2258,95.41630101203918,0
2259,95.4473295211792,0
2260,95.47635579109192,0
2261,95.5063829421997,0
2262,95.53751945495605,0
2263,95.56654620170593,-1
2264,95.59757423400879,-1
2265,95.62660050392151,-1
2266,95.65662789344788,-1
2267,95.68565440177917,-1
2268,95.71568179130554,-1
2269,95.7467098236084,-1
2270,95.77673745155334,-1
2271,95.80628514289856,-1
2272,95.83631467819214,-1
2273,95.86734414100647,-1
2274,95.89737033843994,-1
2275,95.93440437316895,1
2276,95.95942664146423,1
2277,95.98645114898682,1
2278,96.01547741889954,1
2279,96.0475070476532,1
2280,96.07953596115112,1
2281,96.09855341911316,1
2282,96.12157416343689,-1
2283,96.15060043334961,-1
2284,96.18062782287598,-1
2285,96.21166133880615,-1
2286,96.24268984794617,-1
2287,96.27171754837036,-1
2288,96.30174493789673,-1
2289,96.33377408981323,-1
2290,96.36380410194397,-1
2291,96.39583325386047,-1
2292,96.42285799980164,-1
2293,96.45188355445862,-1
2294,96.48091006278992,-1
2295,96.51193833351135,-1
2296,96.54296660423279,-1
2297,96.5739951133728,-1
2298,96.60202050209045,-1
2299,96.63304901123047,-1
2300,96.66358065605164,1
2301,96.693608045578,1
2302,96.72263407707214,1
2303,96.75266122817993,1
2304,96.78368973731995,1
2305,96.81271624565125,1
2306,96.84274339675903,1
2307,96.8727707862854,1
2308,96.9039740562439,1
2309,96.93300080299377,1
2310,96.96386218070984,1
2311,96.99489045143127,1
2312,97.0229160785675,1
2313,97.05294346809387,1
2314,97.08269619941711,1
2315,97.11372518539429,1
2316,97.14275121688843,1
2317,97.17377924919128,1
2318,97.20296287536621,-1
2319,97.23299288749695,-1
2320,97.26502442359924,-1
2321,97.29405093193054,-1
2322,97.32407784461975,-1
2323,97.35386300086975,-1
2324,97.3818826675415,-1
2325,97.41291117668152,-1
2326,97.4429383277893,-1
2327,97.47396898269653,-1
2328,97.50299501419067,-1
2329,97.53402376174927,-1
2330,97.56528162956238,-1
2331,97.59556555747986,1
2332,97.62358570098877,1
2333,97.65261220932007,1
2334,97.68364000320435,1
2335,97.71366739273071,1
2336,97.74369525909424,1
2337,97.77372193336487,-1
2338,97.80475068092346,-1
2339,97.8337767124176,-1
2340,97.86580562591553,-1
2341,97.89483261108398,-1
2342,97.92486023902893,-1
2343,97.95388627052307,-1
2344,97.98291230201721,-1
2345,98.01394081115723,-1
2346,98.0439682006836,-1
2347,98.07399487495422,-1
2348,98.10502290725708,-1
2349,98.13505101203918,-1
2350,98.16507863998413,-1
2351,98.19510555267334,-1
2352,98.22313094139099,-1
2353,98.25516033172607,-1
2354,98.28418612480164,-1
2355,98.31421375274658,1
2356,98.34524345397949,1
2357,98.37426805496216,1
2358,98.40580320358276,1
2359,98.43482995033264,1
2360,98.46586060523987,1
2361,98.49688911437988,-1
2362,98.52491426467896,-1
2363,98.55494165420532,-1
2364,98.58496904373169,-1
2365,98.61499643325806,-1
2366,98.64602446556091,-1
2367,98.67505025863647,-1
2368,98.70607900619507,-1
2369,98.73610544204712,-1
2370,98.76613593101501,-1
2371,98.79816555976868,-1
2372,98.82619071006775,-1
2373,98.85621809959412,-1
2374,98.88524460792542,-1
2375,98.9152717590332,-1
2376,98.94680500030518,-1
2377,98.97832179069519,-1
2378,98.99934077262878,-1
2379,99.0223617553711,-1
2380,99.0523898601532,-1
2381,99.08241772651672,-1
2382,99.11244368553162,-1
2383,99.14247155189514,-1
2384,99.17349934577942,-1
2385,99.19251704216003,-1
2386,99.2175395488739,-1
2387,99.24656581878662,-1
2388,99.27659320831299,-1
2389,99.30762243270874,-1
2390,99.33764886856079,-1
2391,99.36767601966858,-1
2392,99.39770340919495,-1
2393,99.42773103713989,-1
2394,99.45775771141052,-1
2395,99.48678398132324,-1
2396,99.5158109664917,-1
2397,99.54783964157104,-1
2398,99.5768654346466,1
2399,99.60889530181885,1
2400,99.63757157325745,1
2401,99.66659808158875,1
2402,99.69762563705444,1
2403,99.72965478897095,1
2404,99.7596824169159,1
2405,99.78770780563354,1
2406,99.81673431396484,1
2407,99.84776258468628,1
2408,99.87678837776184,1
2409,99.90781712532043,1
2410,99.93684363365173,-1
2411,99.96787238121033,-1
2412,99.99889969825745,-1
2413,100.0279266834259,-1
2414,100.0559515953064,-1
2415,100.08697986602783,-1
2416,100.11700654029846,-1
2417,100.14703464508057,-1
2418,100.17706179618835,-1
2419,100.20708894729614,-1
2420,100.23711633682251,-1
2421,100.26714372634888,-1
2422,100.29868125915527,-1
2423,100.32970952987671,-1
2424,100.35873627662659,-1
2425,100.37475037574768,-1
2426,100.40377712249756,-1
2427,100.43580603599548,-1
2428,100.45282077789307,-1
2429,100.47784423828125,-1
2430,100.50787138938904,-1
2431,100.53789901733398,-1
2432,100.5679259300232,-1
2433,100.59895443916321,-1
2434,100.62998247146606,-1
2435,100.64699816703796,-1
2436,100.67302179336548,-1
2437,100.70404982566833,-1
2438,100.73307609558105,-1
2439,100.76410436630249,-1
2440,100.7951328754425,-1
2441,100.8121485710144,-1
2442,100.83968186378479,-1
2443,100.87071013450623,-1
2444,100.89873552322388,-1
2445,100.93276643753052,-1
2446,100.96079182624817,-1
2447,100.98781657218933,-1
2448,101.01784372329712,-1
2449,101.04887247085571,-1
2450,101.07789850234985,-1
2451,101.10892653465271,-1
2452,101.14095544815063,-1
2453,101.16998243331909,-1
2454,101.20001006126404,-1
2455,101.23103737831116,-1
2456,101.26006436347961,-1
2457,101.28909063339233,-1
2458,101.3191180229187,-1
2459,101.34914493560791,-1
2460,101.37817168235779,-1
2461,101.40919995307922,-1
2462,101.43922710418701,-1
2463,101.4712553024292,-1
2464,101.50028228759766,-1
2465,101.53231120109558,-1
2466,101.56033730506897,-1
2467,101.58936309814453,-1
2468,101.6193904876709,-1
2469,101.64941763877869,-1
2470,101.67872476577759,-1
2471,101.71075415611267,-1
2472,101.74078106880188,1
2473,101.76980829238892,1
2474,101.8008360862732,1
2475,101.83186411857605,1
2476,101.86089038848877,1
2477,101.89091730117798,1
2478,101.91994404792786,-1
2479,101.95097208023071,-1
2480,101.97899770736694,-1
2481,102.0100257396698,-1
2482,102.04105472564697,-1
2483,102.07008028030396,-1
2484,102.10110902786255,-1
2485,102.1331377029419,-1
2486,102.1621642112732,-1
2487,102.18918895721436,-1
2488,102.21921586990356,-1
2489,102.25224614143372,-1
2490,102.28927946090698,-1
2491,102.30929803848267,-1
2492,102.32631349563599,-1
2493,102.34633183479309,-1
2494,102.36534905433655,-1
2495,102.38536787033081,-1
2496,102.41739654541016,-1
2497,102.4354133605957,-1
2498,102.45342898368835,-1
2499,102.47745084762573,-1
2500,102.50847840309143,-1
2501,102.53550338745117,-1
2502,102.56653165817261,-1
2503,102.5965588092804,-1
2504,102.62758731842041,-1
2505,102.65461206436157,-1
